Workbook

Sheet Ramp
A1: Therapy (procedures, 100% approval) | B1: FY2027E | C1: FY2028E | D1: FY2029E | E1: FY2030E | F1: FY2031E | G1: FY2032E | H1: FY2033E | I1: FY2034E | J1: FY2035E | K1: FY2036E | L1: FY2037E | M1: FY2038E | N1: FY2039E | O1: FY2040E
A2: BRT-DA01 | B2: 0 | C2: 0 | D2: 330 | E2: 2500 | F2: 4500 | G2: 5000 | H2: 5000 | I2: 5000 | J2: 5000 | K2: 5000 | L2: 5000 | M2: 5000 | N2: 5000 | O2: 5000
A3: AMT-130 | B3: 330 | C3: 2500 | D3: 3170 | E3: 3000 | F3: 3000 | G3: 3000 | H3: 3000 | I3: 3000 | J3: 3000 | K3: 3000 | L3: 3000 | M3: 3000 | N3: 3000 | O3: 3000
A4: NRTX-1001 | B4: 0 | C4: 0 | D4: 0 | E4: 300 | F4: 1200 | G4: 2200 | H4: 3200 | I4: 3200 | J4: 3200 | K4: 3200 | L4: 3200 | M4: 3200 | N4: 3200 | O4: 3200
A5: AVB-101 | B5: 0 | C5: 0 | D5: 0 | E5: 0 | F5: 10 | G5: 25 | H5: 40 | I5: 40 | J5: 40 | K5: 40 | L5: 40 | M5: 40 | N5: 40 | O5: 40
A6: KEBILIDI | B6: 12 | C6: 14 | D6: 14 | E6: 14 | F6: 14 | G6: 14 | H6: 14 | I6: 14 | J6: 14 | K6: 14 | L6: 14 | M6: 14 | N6: 14 | O6: 14
A7: RGX-121 | B7: 0 | C7: 0 | D7: 1 | E7: 2 | F7: 2 | G7: 2 | H7: 2 | I7: 2 | J7: 2 | K7: 2 | L7: 2 | M7: 2 | N7: 2 | O7: 2
A8: SRN-101 | B8: 0 | C8: 0 | D8: 0 | E8: 0 | F8: 0 | G8: 0 | H8: 0 | I8: 100 | J8: 300 | K8: 530 | L8: 530 | M8: 530 | N8: 530 | O8: 530
A9: AB-1005 | B9: 0 | C9: 0 | D9: 0 | E9: 0 | F9: 0 | G9: 0 | H9: 300 | I9: 1200 | J9: 2200 | K9: 2200 | L9: 2200 | M9: 2200 | N9: 2200 | O9: 2200
A10: ANPD001 | B10: 0 | C10: 0 | D10: 0 | E10: 0 | F10: 0 | G10: 0 | H10: 0 | I10: 200 | J10: 600 | K10: 1000 | L10: 1000 | M10: 1000 | N10: 1000 | O10: 1000
A11: RNDP-001 | B11: 0 | C11: 0 | D11: 0 | E11: 0 | F11: 0 | G11: 0 | H11: 0 | I11: 200 | J11: 600 | K11: 1000 | L11: 1000 | M11: 1000 | N11: 1000 | O11: 1000
A12: PD one-time class demand (not summed) | B12: 0 | C12: 0 | D12: 11756 | E12: 11391 | F12: 11126 | G12: 10945 | H12: 10837 | I12: 10792 | J12: 10801 | K12: 10858 | L12: 10956 | M12: 11091 | N12: 11258 | O12: 11454

Sheet Revenue
A1: Approval | B1: FY2027E | C1: FY2028E | D1: FY2029E | E1: FY2030E | F1: FY2031E | G1: FY2032E | H1: FY2033E | I1: FY2034E | J1: FY2035E | K1: FY2036E | L1: FY2037E | M1: FY2038E | N1: FY2039E | O1: FY2040E | P1: Price US$M | Q1: 0.02
A2: 1 | B2: =ROUND(((SUM(Ramp!B2:B11)-Ramp!B6)*$A2+Ramp!B6)*$Q$1,1) | C2: =ROUND(((SUM(Ramp!C2:C11)-Ramp!C6)*$A2+Ramp!C6)*$Q$1,1) | D2: =ROUND(((SUM(Ramp!D2:D11)-Ramp!D6)*$A2+Ramp!D6)*$Q$1,1) | E2: =ROUND(((SUM(Ramp!E2:E11)-Ramp!E6)*$A2+Ramp!E6)*$Q$1,1) | F2: =ROUND(((SUM(Ramp!F2:F11)-Ramp!F6)*$A2+Ramp!F6)*$Q$1,1) | G2: =ROUND(((SUM(Ramp!G2:G11)-Ramp!G6)*$A2+Ramp!G6)*$Q$1,1) | H2: =ROUND(((SUM(Ramp!H2:H11)-Ramp!H6)*$A2+Ramp!H6)*$Q$1,1) | I2: =ROUND(((SUM(Ramp!I2:I11)-Ramp!I6)*$A2+Ramp!I6)*$Q$1,1) | ... O2: =ROUND(((SUM(Ramp!O2:O11)-Ramp!O6)*$A2+Ramp!O6)*$Q$1,1)
A3: 0.7 | B3: =ROUND(((SUM(Ramp!B2:B11)-Ramp!B6)*$A3+Ramp!B6)*$Q$1,1) | C3: =ROUND(((SUM(Ramp!C2:C11)-Ramp!C6)*$A3+Ramp!C6)*$Q$1,1) | D3: =ROUND(((SUM(Ramp!D2:D11)-Ramp!D6)*$A3+Ramp!D6)*$Q$1,1) | E3: =ROUND(((SUM(Ramp!E2:E11)-Ramp!E6)*$A3+Ramp!E6)*$Q$1,1) | F3: =ROUND(((SUM(Ramp!F2:F11)-Ramp!F6)*$A3+Ramp!F6)*$Q$1,1) | G3: =ROUND(((SUM(Ramp!G2:G11)-Ramp!G6)*$A3+Ramp!G6)*$Q$1,1) | H3: =ROUND(((SUM(Ramp!H2:H11)-Ramp!H6)*$A3+Ramp!H6)*$Q$1,1) | I3: =ROUND(((SUM(Ramp!I2:I11)-Ramp!I6)*$A3+Ramp!I6)*$Q$1,1) | ... O3: =ROUND(((SUM(Ramp!O2:O11)-Ramp!O6)*$A3+Ramp!O6)*$Q$1,1)
A4: 0.5 | B4: =ROUND(((SUM(Ramp!B2:B11)-Ramp!B6)*$A4+Ramp!B6)*$Q$1,1) | C4: =ROUND(((SUM(Ramp!C2:C11)-Ramp!C6)*$A4+Ramp!C6)*$Q$1,1) | D4: =ROUND(((SUM(Ramp!D2:D11)-Ramp!D6)*$A4+Ramp!D6)*$Q$1,1) | E4: =ROUND(((SUM(Ramp!E2:E11)-Ramp!E6)*$A4+Ramp!E6)*$Q$1,1) | F4: =ROUND(((SUM(Ramp!F2:F11)-Ramp!F6)*$A4+Ramp!F6)*$Q$1,1) | G4: =ROUND(((SUM(Ramp!G2:G11)-Ramp!G6)*$A4+Ramp!G6)*$Q$1,1) | H4: =ROUND(((SUM(Ramp!H2:H11)-Ramp!H6)*$A4+Ramp!H6)*$Q$1,1) | I4: =ROUND(((SUM(Ramp!I2:I11)-Ramp!I6)*$A4+Ramp!I6)*$Q$1,1) | ... O4: =ROUND(((SUM(Ramp!O2:O11)-Ramp!O6)*$A4+Ramp!O6)*$Q$1,1)
A5: 0.3 | B5: =ROUND(((SUM(Ramp!B2:B11)-Ramp!B6)*$A5+Ramp!B6)*$Q$1,1) | C5: =ROUND(((SUM(Ramp!C2:C11)-Ramp!C6)*$A5+Ramp!C6)*$Q$1,1) | D5: =ROUND(((SUM(Ramp!D2:D11)-Ramp!D6)*$A5+Ramp!D6)*$Q$1,1) | E5: =ROUND(((SUM(Ramp!E2:E11)-Ramp!E6)*$A5+Ramp!E6)*$Q$1,1) | F5: =ROUND(((SUM(Ramp!F2:F11)-Ramp!F6)*$A5+Ramp!F6)*$Q$1,1) | G5: =ROUND(((SUM(Ramp!G2:G11)-Ramp!G6)*$A5+Ramp!G6)*$Q$1,1) | H5: =ROUND(((SUM(Ramp!H2:H11)-Ramp!H6)*$A5+Ramp!H6)*$Q$1,1) | I5: =ROUND(((SUM(Ramp!I2:I11)-Ramp!I6)*$A5+Ramp!I6)*$Q$1,1) | ... O5: =ROUND(((SUM(Ramp!O2:O11)-Ramp!O6)*$A5+Ramp!O6)*$Q$1,1)
A7: KEBILIDI (approved) held at 100%; PD rows = min(ramp, share of class demand less BRT-DA01), split 52/24/24.

Sheet SteadyState
A1: Therapy | B1: Patients/yr FY2040 | C1: US$M at $20k
A2: BRT-DA01 | B2: =Ramp!O2 | C2: =B2*Revenue!$Q$1
A3: AMT-130 | B3: =Ramp!O3 | C3: =B3*Revenue!$Q$1
A4: NRTX-1001 | B4: =Ramp!O4 | C4: =B4*Revenue!$Q$1
A5: AVB-101 | B5: =Ramp!O5 | C5: =B5*Revenue!$Q$1
A6: KEBILIDI | B6: =Ramp!O6 | C6: =B6*Revenue!$Q$1
A7: RGX-121 | B7: =Ramp!O7 | C7: =B7*Revenue!$Q$1
A8: SRN-101 | B8: =Ramp!O8 | C8: =B8*Revenue!$Q$1
A9: AB-1005 | B9: =Ramp!O9 | C9: =B9*Revenue!$Q$1
A10: ANPD001 | B10: =Ramp!O10 | C10: =B10*Revenue!$Q$1
A11: RNDP-001 | B11: =Ramp!O11 | C11: =B11*Revenue!$Q$1
A12: Total | B12: =SUM(B2:B11) | C12: =SUM(C2:C11)
