Workbook

Sheet Method
A1: US eligible pool for a one-time restorative PD therapy: class level, one scenario (base case for agreement)
A2: 1. Medically eligible = label-style criteria: levodopa-responsive PD, ≥4 years, any motor complication, no dementia, medically fit, no age cap.
A3: 2. Funnel: medically eligible > referred > willing > covered > treated. P = referral × willing × covered (judgment, anchored in pd_research_notes.md).
A4: 3. Pool at FY2026 start = eligible patients from the cohort model (screens on the Flow tab) less patients already treated with DBS.
A5: 4. Each year: Pool end = Pool start + Entrants − Leavers − Treated.
A6: 5. Entrants = newly eligible patients (cohort model), growing with the ageing population. Leavers = m × Pool start (death or dementia).
A7: 6. Before launch (FY2029) only DBS is treated (3,990 a year, held flat). From launch, Treated = u × Pool start.
A8: 7. u is set so that, once the backlog is used up, Treated = P × Entrants: u = P × (m + g) ÷ (1 − P), where g is entrant growth.
A9: 8. Treated = class demand. It is not split between therapies, and it is not limited by capacity or competition.
A10: Yellow = input. Tags: A published, C calculated, S judgment (★), P instruction. Sources on the Inputs tab.

Sheet Inputs
A1: Input | B1: Value | C1: Tag | D1: Source / rationale | E1: Referral | F1: Willing | G1: Covered
A2: PD prevalent, US, FY2026 | B2: 923000 | C2: C | D2: Cohort model: 90k diagnoses/yr (Parkinson's Foundation), Hirsch incidence, SSA life table × 1.52 mortality ratio, Census 2024
A3: Share alive without dementia and ≥4 yrs since diagnosis | B3: 0.376 | C3: C | D3: Cohort model; dementia CamPaIGN 46% at 10 yrs (≥65 at diagnosis), Sydney 48% at 15 yrs (<65)
A4: … of whom with motor complications | B4: 0.664 | C4: C | D4: Cohort model; Ahlskog 2001 (~40% by 4–6 yrs), Hely 2005 (~95% by 15 yrs)
A5: Levodopa-responsive idiopathic PD | B5: 0.806 | C5: A | D5: Rizzo 2016, Neurology: diagnostic accuracy 80.6%
A6: Medically fit for surgery | B6: 0.9 | C6: S ★ | D6: Judgment, range 70–90%
A7: Newly eligible patients (entrants), FY2026 | B7: 25800 | C7: C | D7: Cohort model, same screens (21.6k in 2019)
A8: Entrant growth per year (g) | B8: 0.026 | C8: C | D8: Census 2020–24, age-weighted PD incidence growth
A9: Annual leave rate from the pool (m) | B9: 0.13 | C9: C | D9: Cohort model: (deaths + dementia onsets) ÷ pool start, FY2026 = 21.5k ÷ 162.8k
A10: Referral × Willing × Covered | B10: =E10*F10*G10 | C10: S ★ | D10: Referral 0.55 (30–80%: PARADISE, Olmsted); willing 0.60 (35–43% consent to referral, Dinkelbach 2017; 58.7% implanted after evaluation); covered 0.90 (Medicare covers label) | E10: 0.55 | F10: 0.6 | G10: 0.9
A11: DBS for PD per year (2019, held flat) | B11: 3990 | C11: A | D11: Venkatraman 2024, NIS 2019, inpatient, all ages
A12: Launch of first one-time therapy | B12: 2029 | C12: S ★ | D12: Judgment
A13: Revenue per patient (illustration) | B13: 20000 | C13: P | D13: David May

Sheet Flow
A1: Starting pool, FY2026 (label-style screens)
A2: PD prevalent | B2: =Inputs!$B$2
A3: × alive, no dementia, ≥4 yrs | B3: =B2*Inputs!$B$3
A4: × with motor complications | B4: =B3*Inputs!$B$4
A5: × levodopa-responsive | B5: =B4*Inputs!$B$5
A6: × medically fit = medically eligible | B6: =B5*Inputs!$B$6
A7: − previously DBS-treated still in pool (DBS ÷ m) ★ | B7: =-Inputs!$B$11/Inputs!$B$9
A8: =Untreated eligible pool, start FY2026 | B8: =B6+B7
A10: Derived
A11: P = referral × willing × covered | B11: =Inputs!$B$10
A12: u = P × (m + g) ÷ (1 − P), yearly share of the pool treated | B12: =B11*(Inputs!$B$9+Inputs!$B$8)/(1-B11)
A13: Sanity check: DBS-implied P = DBS ÷ entrants (2019: 3,990 ÷ 21.6k) | B13: =Inputs!$B$11/21600.0
A15: Yearly flow (patients)
A16: FY | B16: Pool start | C16: Entrants | D16: Leavers | E16: Treated | F16: Pool end | G16: Treated ÷ Entrants | H16: Revenue at $20k ($M)
A17: 2026 | B17: =B8 | C17: =Inputs!$B$7*(1+Inputs!$B$8)^(A17-2026) | D17: =Inputs!$B$9*B17 | E17: =IF(A17<Inputs!$B$12,Inputs!$B$11,$B$12*B17) | F17: =B17+C17-D17-E17 | G17: =E17/C17 | H17: =E17*Inputs!$B$13/1e6
A18: 2027 | B18: =F17 | C18: =Inputs!$B$7*(1+Inputs!$B$8)^(A18-2026) | D18: =Inputs!$B$9*B18 | E18: =IF(A18<Inputs!$B$12,Inputs!$B$11,$B$12*B18) | F18: =B18+C18-D18-E18 | G18: =E18/C18 | H18: =E18*Inputs!$B$13/1e6
A19: 2028 | B19: =F18 | C19: =Inputs!$B$7*(1+Inputs!$B$8)^(A19-2026) | D19: =Inputs!$B$9*B19 | E19: =IF(A19<Inputs!$B$12,Inputs!$B$11,$B$12*B19) | F19: =B19+C19-D19-E19 | G19: =E19/C19 | H19: =E19*Inputs!$B$13/1e6
A20: 2029 | B20: =F19 | C20: =Inputs!$B$7*(1+Inputs!$B$8)^(A20-2026) | D20: =Inputs!$B$9*B20 | E20: =IF(A20<Inputs!$B$12,Inputs!$B$11,$B$12*B20) | F20: =B20+C20-D20-E20 | G20: =E20/C20 | H20: =E20*Inputs!$B$13/1e6
A21: 2030 | B21: =F20 | C21: =Inputs!$B$7*(1+Inputs!$B$8)^(A21-2026) | D21: =Inputs!$B$9*B21 | E21: =IF(A21<Inputs!$B$12,Inputs!$B$11,$B$12*B21) | F21: =B21+C21-D21-E21 | G21: =E21/C21 | H21: =E21*Inputs!$B$13/1e6
A22: 2031 | B22: =F21 | C22: =Inputs!$B$7*(1+Inputs!$B$8)^(A22-2026) | D22: =Inputs!$B$9*B22 | E22: =IF(A22<Inputs!$B$12,Inputs!$B$11,$B$12*B22) | F22: =B22+C22-D22-E22 | G22: =E22/C22 | H22: =E22*Inputs!$B$13/1e6
A23: 2032 | B23: =F22 | C23: =Inputs!$B$7*(1+Inputs!$B$8)^(A23-2026) | D23: =Inputs!$B$9*B23 | E23: =IF(A23<Inputs!$B$12,Inputs!$B$11,$B$12*B23) | F23: =B23+C23-D23-E23 | G23: =E23/C23 | H23: =E23*Inputs!$B$13/1e6
A24: 2033 | B24: =F23 | C24: =Inputs!$B$7*(1+Inputs!$B$8)^(A24-2026) | D24: =Inputs!$B$9*B24 | E24: =IF(A24<Inputs!$B$12,Inputs!$B$11,$B$12*B24) | F24: =B24+C24-D24-E24 | G24: =E24/C24 | H24: =E24*Inputs!$B$13/1e6
A25: 2034 | B25: =F24 | C25: =Inputs!$B$7*(1+Inputs!$B$8)^(A25-2026) | D25: =Inputs!$B$9*B25 | E25: =IF(A25<Inputs!$B$12,Inputs!$B$11,$B$12*B25) | F25: =B25+C25-D25-E25 | G25: =E25/C25 | H25: =E25*Inputs!$B$13/1e6
A26: 2035 | B26: =F25 | C26: =Inputs!$B$7*(1+Inputs!$B$8)^(A26-2026) | D26: =Inputs!$B$9*B26 | E26: =IF(A26<Inputs!$B$12,Inputs!$B$11,$B$12*B26) | F26: =B26+C26-D26-E26 | G26: =E26/C26 | H26: =E26*Inputs!$B$13/1e6
A27: 2036 | B27: =F26 | C27: =Inputs!$B$7*(1+Inputs!$B$8)^(A27-2026) | D27: =Inputs!$B$9*B27 | E27: =IF(A27<Inputs!$B$12,Inputs!$B$11,$B$12*B27) | F27: =B27+C27-D27-E27 | G27: =E27/C27 | H27: =E27*Inputs!$B$13/1e6
A28: 2037 | B28: =F27 | C28: =Inputs!$B$7*(1+Inputs!$B$8)^(A28-2026) | D28: =Inputs!$B$9*B28 | E28: =IF(A28<Inputs!$B$12,Inputs!$B$11,$B$12*B28) | F28: =B28+C28-D28-E28 | G28: =E28/C28 | H28: =E28*Inputs!$B$13/1e6
A29: 2038 | B29: =F28 | C29: =Inputs!$B$7*(1+Inputs!$B$8)^(A29-2026) | D29: =Inputs!$B$9*B29 | E29: =IF(A29<Inputs!$B$12,Inputs!$B$11,$B$12*B29) | F29: =B29+C29-D29-E29 | G29: =E29/C29 | H29: =E29*Inputs!$B$13/1e6
... A36: 2045 | B36: =F35 | C36: =Inputs!$B$7*(1+Inputs!$B$8)^(A36-2026) | D36: =Inputs!$B$9*B36 | E36: =IF(A36<Inputs!$B$12,Inputs!$B$11,$B$12*B36) | F36: =B36+C36-D36-E36 | G36: =E36/C36 | H36: =E36*Inputs!$B$13/1e6
