Workbook

Sheet Method
A1: US class-level eligible pool for a one-time PD therapy; single base case; FY2026-45.
A2: Start: published US PD prevalence (Marras 2018, minimum estimates) grown log-linearly to FY2026.
A3: Screens: diagnosed >=4 yrs and no dementia (joint), motor complications, levodopa-responsive, fit. No age cap.
A4: DBS and one-time therapy are not mutually exclusive: DBS patients stay in the pool; DBS (3,990/yr) is context only.
A5: Each year: Pool end = Pool start + Entrants - Leavers - Treated.
A6: Leavers = m x pool start; m = death rate + dementia incidence (published).
A7: Entrants = (m + g) x starting pool, so before launch the pool grows at g; entrants then grow at g.
A8: Treated (one-time therapy) = 0 before launch; from FY2029 a fixed 6% of the pool start (about 2.7x the DBS rate of 2.2%).
A9: Steady state: treated / entrants -> u/(m+u+g); a cohort's lifetime share is u/(m+u).
A10: Tags: A published, C calculated, S judgment. Every input with its source is on the Inputs tab.

Sheet Inputs
A1: Input | B1: Value | C1: Tag | D1: Source
A2: US PD prevalence 2020 (age 45+, minimum) | B2: 930000 | C2: A | D2: Marras 2018 https://doi.org/10.1038/s41531-018-0058-0
A3: US PD prevalence 2030 (age 45+, minimum) | B3: 1238000 | C3: A | D3: Marras 2018 https://doi.org/10.1038/s41531-018-0058-0
A4: Growth of prevalence and entrants, per year | B4: =(B3/B2)^(1/10)-1 | C4: C | D4: log-linear between Marras 2020 and 2030
A5: US PD prevalence FY2026 | B5: =B2*(1+B4)^6 | C5: C | D5: Marras 2020 grown 6 years at g
A6: Death rate in PD, per year | B6: 0.05 | C6: A | D6: Macleod 2014: survival falls ~5% per year of follow-up https://doi.org/10.1002/mds.25898
A7: Dementia point prevalence in PD | B7: 0.28 | C7: A/S | D7: Aarsland 2005: 24.5% (all studies) to 31.1% (best studies); midpoint https://doi.org/10.1002/mds.20527
A8: Share of prevalent PD diagnosed >=4 years | B8: =EXP(-4*(B6+B4)) | C8: C | D8: survival e^(-d t) weighted for growth g; check: prevalence/incidence 1.1M/90k = 12 yr mean
A9: Motor complications among non-demented >=4 yrs | B9: 0.5 | C9: S | D9: anchored: off periods 35% at 4-6 yrs, 59% at 8-10 yrs https://pmc.ncbi.nlm.nih.gov/articles/PMC11145112/; fluctuations 54% at 5 yrs https://pmc.ncbi.nlm.nih.gov/articles/PMC7063985/
A10: Confirmed levodopa-responsive idiopathic PD | B10: 0.806 | C10: A | D10: Rizzo 2016 clinical-diagnosis accuracy (proxy) https://doi.org/10.1212/WNL.0000000000002350
A11: Medically fit for neurosurgery | B11: 0.9 | C11: S | D11: judgment; no published population figure
A12: Dementia incidence in PD, per year | B12: 0.045 | C12: A | D12: Gibson 2024 meta-analysis: 4.45 per 100 person-years https://doi.org/10.1002/mds.29918
A13: Leave rate m (death + dementia) | B13: =B6+B12 | C13: C | D13: sum of the two rates
A14: DBS procedures for PD per year (context only; not deducted) | B14: 3990 | C14: A | D14: Venkatraman 2024, NIS 2019 https://pmc.ncbi.nlm.nih.gov/articles/PMC10898494/
A15: Share of pool given one-time therapy per year from launch | B15: 0.06 | C15: S | D15: judgment: about 2.7x the measured DBS rate (3,990 DBS a year / medically eligible pool of ~180,000 = 2.2%); many more patients expected to choose a one-time disease-modifying therapy than symptomatic hardware surgery. No published willingness study supports the multiple.
A16: Launch fiscal year | B16: 2029 | C16: S | D16: assumption
A17: Price per patient, $ (illustration) | B17: 20000 | C17: S | D17: assumption

Sheet Flow
A1: Starting pool
A2: US PD prevalence FY2026 | B2: =Inputs!$B$5
A3: x (diagnosed >=4 yrs minus dementia) = no dementia and >=4 yrs | B3: =B2*(Inputs!$B$8-Inputs!$B$7)
A4: x motor complications | B4: =B3*Inputs!$B$9
A5: x levodopa-responsive | B5: =B4*Inputs!$B$10
A6: x medically fit = medically eligible | B6: =B5*Inputs!$B$11
A7: DBS per year / eligible pool (context) | B7: =Inputs!$B$14/B6
A8: Eligible pool, start FY2026 (DBS patients included) | B8: =B6
A9: Entrants FY2026 = (m+g) x pool | B9: =(Inputs!$B$13+Inputs!$B$4)*B8
A10: Eligible share of PD | B10: =B6/B2
A11: Steady-state share of entrants treated u/(m+u+g) | B11: =Inputs!$B$15/(Inputs!$B$13+Inputs!$B$15+Inputs!$B$4)
A12: Cohort lifetime share treated u/(m+u) | B12: =Inputs!$B$15/(Inputs!$B$13+Inputs!$B$15)
A15: FY | B15: Pool start | C15: Entrants | D15: Leavers | E15: Treated | F15: Pool end | G15: Treated/Entrants | H15: Revenue $M | I15: DBS (context)
A16: 2026 | B16: =B8 | C16: =$B$9*(1+Inputs!$B$4)^(A16-2026) | D16: =Inputs!$B$13*B16 | E16: =IF(A16<Inputs!$B$16,0,Inputs!$B$15*B16) | F16: =B16+C16-D16-E16 | G16: =E16/C16 | H16: =E16*Inputs!$B$17/1e6 | I16: =Inputs!$B$14
A17: 2027 | B17: =F16 | C17: =$B$9*(1+Inputs!$B$4)^(A17-2026) | D17: =Inputs!$B$13*B17 | E17: =IF(A17<Inputs!$B$16,0,Inputs!$B$15*B17) | F17: =B17+C17-D17-E17 | G17: =E17/C17 | H17: =E17*Inputs!$B$17/1e6 | I17: =Inputs!$B$14
A18: 2028 | B18: =F17 | C18: =$B$9*(1+Inputs!$B$4)^(A18-2026) | D18: =Inputs!$B$13*B18 | E18: =IF(A18<Inputs!$B$16,0,Inputs!$B$15*B18) | F18: =B18+C18-D18-E18 | G18: =E18/C18 | H18: =E18*Inputs!$B$17/1e6 | I18: =Inputs!$B$14
A19: 2029 | B19: =F18 | C19: =$B$9*(1+Inputs!$B$4)^(A19-2026) | D19: =Inputs!$B$13*B19 | E19: =IF(A19<Inputs!$B$16,0,Inputs!$B$15*B19) | F19: =B19+C19-D19-E19 | G19: =E19/C19 | H19: =E19*Inputs!$B$17/1e6 | I19: =Inputs!$B$14
A20: 2030 | B20: =F19 | C20: =$B$9*(1+Inputs!$B$4)^(A20-2026) | D20: =Inputs!$B$13*B20 | E20: =IF(A20<Inputs!$B$16,0,Inputs!$B$15*B20) | F20: =B20+C20-D20-E20 | G20: =E20/C20 | H20: =E20*Inputs!$B$17/1e6 | I20: =Inputs!$B$14
A21: 2031 | B21: =F20 | C21: =$B$9*(1+Inputs!$B$4)^(A21-2026) | D21: =Inputs!$B$13*B21 | E21: =IF(A21<Inputs!$B$16,0,Inputs!$B$15*B21) | F21: =B21+C21-D21-E21 | G21: =E21/C21 | H21: =E21*Inputs!$B$17/1e6 | I21: =Inputs!$B$14
A22: 2032 | B22: =F21 | C22: =$B$9*(1+Inputs!$B$4)^(A22-2026) | D22: =Inputs!$B$13*B22 | E22: =IF(A22<Inputs!$B$16,0,Inputs!$B$15*B22) | F22: =B22+C22-D22-E22 | G22: =E22/C22 | H22: =E22*Inputs!$B$17/1e6 | I22: =Inputs!$B$14
A23: 2033 | B23: =F22 | C23: =$B$9*(1+Inputs!$B$4)^(A23-2026) | D23: =Inputs!$B$13*B23 | E23: =IF(A23<Inputs!$B$16,0,Inputs!$B$15*B23) | F23: =B23+C23-D23-E23 | G23: =E23/C23 | H23: =E23*Inputs!$B$17/1e6 | I23: =Inputs!$B$14
A24: 2034 | B24: =F23 | C24: =$B$9*(1+Inputs!$B$4)^(A24-2026) | D24: =Inputs!$B$13*B24 | E24: =IF(A24<Inputs!$B$16,0,Inputs!$B$15*B24) | F24: =B24+C24-D24-E24 | G24: =E24/C24 | H24: =E24*Inputs!$B$17/1e6 | I24: =Inputs!$B$14
A25: 2035 | B25: =F24 | C25: =$B$9*(1+Inputs!$B$4)^(A25-2026) | D25: =Inputs!$B$13*B25 | E25: =IF(A25<Inputs!$B$16,0,Inputs!$B$15*B25) | F25: =B25+C25-D25-E25 | G25: =E25/C25 | H25: =E25*Inputs!$B$17/1e6 | I25: =Inputs!$B$14
A26: 2036 | B26: =F25 | C26: =$B$9*(1+Inputs!$B$4)^(A26-2026) | D26: =Inputs!$B$13*B26 | E26: =IF(A26<Inputs!$B$16,0,Inputs!$B$15*B26) | F26: =B26+C26-D26-E26 | G26: =E26/C26 | H26: =E26*Inputs!$B$17/1e6 | I26: =Inputs!$B$14
A27: 2037 | B27: =F26 | C27: =$B$9*(1+Inputs!$B$4)^(A27-2026) | D27: =Inputs!$B$13*B27 | E27: =IF(A27<Inputs!$B$16,0,Inputs!$B$15*B27) | F27: =B27+C27-D27-E27 | G27: =E27/C27 | H27: =E27*Inputs!$B$17/1e6 | I27: =Inputs!$B$14
A28: 2038 | B28: =F27 | C28: =$B$9*(1+Inputs!$B$4)^(A28-2026) | D28: =Inputs!$B$13*B28 | E28: =IF(A28<Inputs!$B$16,0,Inputs!$B$15*B28) | F28: =B28+C28-D28-E28 | G28: =E28/C28 | H28: =E28*Inputs!$B$17/1e6 | I28: =Inputs!$B$14
... A35: 2045 | B35: =F34 | C35: =$B$9*(1+Inputs!$B$4)^(A35-2026) | D35: =Inputs!$B$13*B35 | E35: =IF(A35<Inputs!$B$16,0,Inputs!$B$15*B35) | F35: =B35+C35-D35-E35 | G35: =E35/C35 | H35: =E35*Inputs!$B$17/1e6 | I35: =Inputs!$B$14
